,,keep,#,Company,Symbol,Weight,Price,Chg,% Chg,Permno,,,,,,,
,,X,1,Apple Inc.,AAPL,6.83758,175.5,0.42,-0.24%,14593,AAPL,,,,,,
,,X,2,Microsoft Corporation,MSFT,5.925804,318.64,3.66,-1.16%,10107,MSFT,,,,,,
,,X,3,Amazon.com Inc.,AMZN,3.61459,"3,306.25",-0.99,(-0.03%),84788,AMZN,,,,,,
,,X,4,Tesla Inc,TSLA,2.169577,"1,108.24",43.84,-4.12%,93436,TSLA,,,,,,
,,,5,Alphabet Inc. Class A,GOOGL,2.106545,"2,834.50",39.78,-1.42%,90319,GOOGL,,,,,,
,,,6,Meta Platforms Inc. Class A,FB,1.982544,333.63,-0.74,(-0.22%),51772,87208,13407,81059,FB,,,
,,,7,Alphabet Inc. Class C,GOOG,1.961877,"2,836.94",36.59,-1.31%,90319,14542,GOOG,,,,,
,,,8,NVIDIA Corporation,NVDA,1.742619,280.36,2.19,-0.79%,86580,NVDA,,,,,,
,,,9,Berkshire Hathaway Inc. Class B,BRK.B,1.467489,320.7,0.9,-0.28%,,BRK.B,,,,,,
,,,10,JPMorgan Chase & Co.,JPM,1.24024,168.65,1.16,-0.69%,48071,47896,JPM,,,,,
,,X,11,Johnson & Johnson,JNJ,1.129692,169.8,-1.46,(-0.85%),22111,JNJ,,,,,,
,,X,12,UnitedHealth Group Incorporated,UNH,1.10687,475.48,6.48,-1.38%,92655,UNH,,,,,,
,,,13,Home Depot Inc.,HD,1.022524,390.28,3.61,-0.93%,57859,66181,20896,HD,,,,
,,,14,Procter & Gamble Company,PG,0.962413,159.01,0.35,-0.22%,18163,PG,,,,,,
,,,15,Visa Inc. Class A,V,0.900832,215.77,1.39,-0.65%,46842,92611,88614,23675,54332,75817,V,
,,,16,Bank of America Corp,BAC,0.887966,48.9,-0.31,(-0.63%),59408,54893,58827,BAC,,,,
,,,17,Mastercard Incorporated Class A,MA,0.797365,366.44,0.15,-0.04%,13100,91233,MA,,,,,
,,,18,Pfizer Inc.,PFE,0.797327,56.6,-0.09,(-0.16%),21936,PFE,,,,,,
,,,19,Exxon Mobil Corporation,XOM,0.756906,71.14,-0.21,(-0.29%),11850,XOM,,,,,,
,,,20,Walt Disney Company,DIS,0.718926,157.85,-0.04,(-0.03%),26403,DIS,,,,,,
,,,21,Cisco Systems Inc.,CSCO,0.659157,62.18,-0.2,(-0.31%),25559,76076,CSCO,,,,,
,,,22,Broadcom Inc.,AVGO,0.641596,627,4.95,-0.80%,88618,93002,AVGO,,,,,
,,,23,Adobe Inc.,ADBE,0.630871,532.7,2.81,-0.53%,75510,10859,ADBE,,,,,
,,,24,Chevron Corporation,CVX,0.61871,127.65,-0.32,(-0.25%),23210,14541,CVX,,,,,
,,,25,Thermo Fisher Scientific Inc.,TMO,0.612687,625.2,4.7,-0.76%,62092,TMO,,,,,,
,,,26,AbbVie Inc.,ABBV,0.606769,137.6,0.63,-0.46%,13721,ABBV,,,,,,
,,,27,PepsiCo Inc.,PEP,0.603154,173.9,-0.19,(-0.11%),13856,PEP,,,,,,
,,,28,Abbott Laboratories,ABT,0.60117,134,-1.7,(-1.25%),20482,ABT,,,,,,
,,,29,Netflix Inc.,NFLX,0.600316,536.99,-3.85,(-0.71%),89393,NFLX,,,,,,
,,,30,Accenture Plc Class A,ACN,0.594425,377.19,2.08,-0.55%,89071,69198,18825,75469,ACN,,,
,,X,31,Coca-Cola Company,KO,0.588856,60.62,0.17,-0.28%,11308,KO,,,,,,
,,,32,Comcast Corporation Class A,CMCSA,0.585321,51.11,-0.04,(-0.07%),89525,25022,CMCSA,,,,,
,,,33,Costco Wholesale Corporation,COST,0.577955,526.8,4.77,-0.91%,87055,25225,COST,,,,,
,,,34,salesforce.com inc.,CRM,0.57612,237.32,2.48,-1.06%,67440,90215,50868,79059,CRM,,,
,,,35,Intel Corporation,INTC,0.569784,55.75,-0.16,(-0.29%),59328,INTC,,,,,,
,,,36,PayPal Holdings Inc.,PYPL,0.563855,187.62,-3.9,(-2.04%),15488,89311,PYPL,,,,,
,,,37,Wells Fargo & Company,WFC,0.560029,56.44,0.38,-0.68%,50024,38703,WFC,,,,,
,,,38,Verizon Communications Inc.,VZ,0.555959,53.53,-0.06,(-0.11%),65875,VZ,,,,,,
,,X,39,Eli Lilly and Company,LLY,0.521891,256,-6.32,(-2.41%),50876,LLY,,,,,,
,,,40,Qualcomm Inc,QCOM,0.520306,186.59,1.19,-0.64%,77178,QCOM,,,,,,
,,X,41,Merck & Co. Inc.,MRK,0.516628,81.11,-0.56,(-0.69%),22752,MRK,,,,,,
,,,42,Walmart Inc.,WMT,0.514957,143.42,-0.78,(-0.54%),55976,WMT,,,,,,
,,,43,McDonald's Corporation,MCD,0.490814,261,-1.12,(-0.43%),43449,34219,MCD,,,,,
,,,44,Danaher Corporation,DHR,0.486572,306.63,1.3,-0.43%,49680,DHR,,,,,,
,,,45,NIKE Inc. Class B,NKE,0.48027,152.3,2,-1.33%,57665,NKE,,,,,,
,,,46,AT&T Inc.,T,0.469996,26.46,0.12,-0.46%,66093,10401,T,,,,,
,,X,47,Lowe's Companies Inc.,LOW,0.432856,252.19,2.69,-1.08%,61399,LOW,,,,,,
,,,48,Linde plc,LIN,0.432064,342,5.57,-1.66%,18143,14029,84169,40934,LIN,,,
,,,49,Texas Instruments Incorporated,TXN,0.427283,186.66,2.02,-1.09%,15579,TXN,,,,,,
,,,50,NextEra Energy Inc.,NEE,0.416885,85.5,0.71,-0.84%,24205,NEE,,,,,,
,,,51,Advanced Micro Devices Inc.,AMD,0.416187,137.47,0.16,-0.12%,61241,AMD,,,,,,
,,,52,Intuit Inc.,INTU,0.409769,577.89,-0.83,(-0.14%),78975,INTU,,,,,,
,,,53,Union Pacific Corporation,UNP,0.396932,247,0.58,-0.24%,48725,UNP,,,,,,
,,,54,Philip Morris International Inc.,PM,0.393344,101.44,0.45,-0.45%,35529,92602,77392,PM,,,,
,,,55,United Parcel Service Inc. Class B,UPS,0.38602,211.5,0.23,-0.11%,87447,75022,UPS,,,,,
,,,56,Morgan Stanley,MS,0.380977,103.45,-2.47,(-2.33%),69032,15544,82621,MS,,,,
,,,57,Honeywell International Inc.,HON,0.373189,218.25,1.94,-0.90%,10145,18374,HON,,,,,
,,,58,Medtronic Plc,MDT,0.363843,108.9,1.01,-0.94%,34243,60097,MDT,,,,,
,,X,59,Bristol-Myers Squibb Company,BMY,0.363619,64.82,-0.66,(-1.01%),19393,BMY,,,,,,
,,,60,Oracle Corporation,ORCL,0.357563,88.39,-0.09,(-0.10%),10104,ORCL,,,,,,
,,,61,Charles Schwab Corporation,SCHW,0.353771,94.13,0.22,-0.23%,75186,SCHW,,,,,,
,,,62,CVS Health Corporation,CVS,0.349686,106.23,0.19,-0.18%,75028,17005,CVS,,,,,
,,,63,Applied Materials Inc.,AMAT,0.344906,159.55,7.1,-4.66%,14702,AMAT,,,,,,
,,,64,Goldman Sachs Group Inc.,GS,0.34285,390.6,-12.45,(-3.09%),16424,86868,GS,,,,,
,,,65,Raytheon Technologies Corporation,RTX,0.341805,91.07,0.35,-0.39%,41996,88409,17830,RTX,,,,
,,,66,Citigroup Inc.,C,0.333648,67.41,0.3,-0.45%,70519,11260,C,,,,,
,,,67,Amgen Inc.,AMGN,0.329709,232.07,-0.31,(-0.13%),14008,AMGN,,,,,,
,,,68,BlackRock Inc.,BLK,0.317395,885.11,-3.08,(-0.35%),62519,77875,87267,BLK,,,,
,,X,69,Starbucks Corporation,SBUX,0.306575,103.77,-0.27,(-0.26%),77702,SBUX,,,,,,
,,X,70,Caterpillar Inc.,CAT,0.298118,223,3.05,-1.39%,18542,CAT,,,,,,
,,,71,International Business Machines Corporation,IBM,0.297925,133.28,0.41,-0.30%,12490,IBM,,,,,,
,,X,72,Boeing Company,BA,0.297734,217.22,1.2,-0.56%,19561,BA,,,,,,
,,,73,American Tower Corporation,AMT,0.296295,259.39,-1.1,(-0.42%),86111,10057,AMT,,,,,
,,,74,Intuitive Surgical Inc.,ISRG,0.292336,323.5,-4.52,(-1.38%),88352,ISRG,,,,,,
,,,75,ServiceNow Inc.,NOW,0.288443,573.39,-5.05,(-0.87%),13447,69526,NOW,,,,,
,,,76,Prologis Inc.,PLD,0.282643,153.24,0.25,-0.16%,38797,80406,85592,PLD,,,,
,,,77,General Electric Company,GE,0.279492,102.25,0.46,-0.45%,12060,GE,,,,,,
,,,78,Target Corporation,TGT,0.278259,225.78,-1.78,(-0.78%),26542,49154,TGT,,,,,
,,,79,Anthem Inc.,ANTM,0.276712,451.83,-1.9,(-0.42%),64397,89179,ANTM,,,,,
,,,80,ConocoPhillips,COP,0.276247,84.42,0.83,-0.99%,13928,26607,67854,COP,,,,
,,,81,American Express Company,AXP,0.275685,175.12,-0.27,(-0.15%),59176,AXP,,,,,,
,,,82,Deere & Company,DE,0.270217,376.63,-3.92,(-1.03%),19350,DE,,,,,,
,,,83,S&P Global Inc.,SPGI,0.265831,447.92,6.9,-1.56%,17478,SPGI,,,,,,
,,,84,Micron Technology Inc.,MU,0.265252,95.32,1.12,-1.19%,53613,MU,,,,,,
,,,85,3M Company,MMM,0.259063,180,1.02,-0.57%,22592,MMM,,,,,,
,,,86,Booking Holdings Inc.,BKNG,0.253604,"2,436.10",-33.32,(-1.35%),16839,86783,10906,75901,36506,BKNG,,
,,,87,Zoetis Inc. Class A,ZTS,0.252278,213,0.2,-0.09%,13788,ZTS,,,,,,
,,,88,Automatic Data Processing Inc.,ADP,0.248986,233.94,-1.34,(-0.57%),26331,44644,ADP,,,,,
,,,89,Ford Motor Company,F,0.239016,24.45,0.1,-0.39%,25785,F,,,,,,
,,,90,PNC Financial Services Group Inc.,PNC,0.237927,225.53,1.69,-0.76%,28433,60442,40360,PNC,,,,
,,,91,Lam Research Corporation,LRCX,0.237508,687,13.79,-2.05%,48486,LRCX,,,,,,
,,,92,Mondelez International Inc. Class A,MDLZ,0.235179,67.56,0.3,-0.45%,89006,MDLZ,,,,,,
,,,93,Analog Devices Inc.,ADI,0.233632,174.68,1.05,-0.60%,60871,55378,ADI,,,,,
,,,94,Altria Group Inc,MO,0.228236,49.49,0.01,-0.02%,13901,MO,,,,,,
,,,95,Gilead Sciences Inc.,GILD,0.22699,72.25,-0.12,(-0.17%),40361,77274,GILD,,,,,
,,,96,Stryker Corporation,SYK,0.225137,268.03,-0.14,(-0.05%),73139,SYK,,,,,,
,,,97,Lockheed Martin Corporation,LMT,0.224416,360.16,-3.99,(-1.09%),21178,LMT,,,,,,
,,,98,TJX Companies Inc,TJX,0.223954,73.41,-0.8,(-1.08%),40539,75098,TJX,,,,,
,,,99,General Motors Company,GM,0.223195,61.05,-0.41,(-0.67%),12369,12079,GM,,,,,
,,,100,Truist Financial Corporation,TFC,0.219245,66.45,0.79,-1.20%,75631,86470,75803,57891,71563,TFC,,
,,,101,Chubb Limited,CB,0.215283,197.82,-1.66,(-0.83%),56469,59192,79057,CB,,,,
,,,102,Marsh & McLennan Companies Inc.,MMC,0.210017,166.37,0.64,-0.39%,33910,45751,MMC,,,,,
,,,103,U.S. Bancorp,USB,0.209664,62.49,0.37,-0.60%,66157,USB,,,,,,
,,,104,Crown Castle International Corp,CCI,0.202821,189.42,1.83,-0.98%,86339,30074,47079,70519,CCI,,,
,,,105,CSX Corporation,CSX,0.201734,36.78,0.48,-1.32%,62148,CSX,,,,,,
,,,106,CME Group Inc. Class A,CME,0.200739,226.18,2.74,-1.23%,89626,10455,84387,CME,,,,
,,,107,Cigna Corporation,CI,0.19941,238.78,-1.36,(-0.57%),64186,52126,15819,CI,,,,
,,,108,Duke Energy Corporation,DUK,0.198659,103.62,0.39,-0.38%,27959,DUK,,,,,,
,,,109,Estee Lauder Companies Inc. Class A,EL,0.197547,345.55,4.98,-1.46%,82642,EL,,,,,,
,,,110,Sherwin-Williams Company,SHW,0.195924,321.59,-2.91,(-0.90%),36468,SHW,,,,,,
,,,111,Moderna Inc.,MRNA,0.19568,222.25,0.86,-0.39%,18312,80004,MRNA,,,,,
,,,112,Edwards Lifesciences Corporation,EW,0.190144,122.26,0.32,-0.26%,87657,EW,,,,,,
,,,113,Charter Communications Inc. Class A,CHTR,0.189737,613.98,1.88,-0.31%,71685,87378,12308,CHTR,,,,
,,,114,Becton Dickinson and Company,BDX,0.188063,261.91,0.17,-0.06%,39642,BDX,,,,,,
,,,115,Intercontinental Exchange Inc.,ICE,0.185874,133.48,1.53,-1.16%,75283,90993,ICE,,,,,
,,,116,Fidelity National Information Services Inc.,FIS,0.179354,117.51,-0.04,(-0.03%),28441,89003,FIS,,,,,
,,,117,Southern Company,SO,0.179184,67.78,0.13,-0.19%,18411,SO,,,,,,
,,,118,Colgate-Palmolive Company,CL,0.175494,83,-0.17,(-0.20%),18729,CL,,,,,,
,,,119,Illinois Tool Works Inc.,ITW,0.17502,246,1.87,-0.77%,56573,ITW,,,,,,
,,,120,Norfolk Southern Corporation,NSC,0.174634,288.18,1.76,-0.61%,28193,64311,NSC,,,,,
,,,121,Equinix Inc.,EQIX,0.172225,764.46,-2.42,(-0.32%),89617,88519,33284,EQIX,,,,
,,,122,Capital One Financial Corporation,COF,0.169013,161.6,3.09,-1.95%,81055,44425,COF,,,,,
,,,123,Eaton Corp. Plc,ETN,0.167272,171.46,3.7,-2.21%,11762,ETN,,,,,,
,,,124,Illumina Inc.,ILMN,0.166025,422.07,-1.73,(-0.41%),88446,ILMN,,,,,,
,,,125,Air Products and Chemicals Inc.,APD,0.164762,298.82,1.28,-0.43%,28222,APD,,,,,,
,,,126,Regeneron Pharmaceuticals Inc.,REGN,0.164654,632.29,6.2,-0.99%,76614,REGN,,,,,,
,,,127,Fiserv Inc.,FISV,0.163206,108.94,-0.53,(-0.48%),10696,FISV,,,,,,
,,,128,T-Mobile US Inc.,TMUS,0.162819,111.32,0.35,-0.32%,91937,TMUS,,,,,,
,,,129,KLA Corporation,KLAC,0.162602,433.86,8.25,-1.94%,46886,KLAC,,,,,,
,,,130,Dominion Energy Inc,D,0.160035,78.79,-0.34,(-0.43%),64936,19406,19203,D,,,,
,,,131,Progressive Corporation,PGR,0.159432,109.85,0.93,-0.85%,64390,PGR,,,,,,
,,,132,Aon Plc Class A,AON,0.158833,287.7,0,0.00%,61735,AON,,,,,,
,,,133,Freeport-McMoRan Inc.,FCX,0.157925,45.18,2.19,-5.08%,81774,75294,FCX,,,,,
,,,134,FedEx Corporation,FDX,0.157325,257.03,1.49,-0.58%,60628,FDX,,,,,,
,,,135,Boston Scientific Corporation,BSX,0.154588,44.41,1.01,-2.33%,77605,BSX,,,,,,
,,,136,Waste Management Inc.,WM,0.154505,160.7,1.24,-0.78%,11955,15317,81593,WM,,,,
,,,137,NXP Semiconductors NV,NXPI,0.150929,230,2.46,-1.08%,12084,NXPI,,,,,,
,,,138,Northrop Grumman Corporation,NOC,0.150779,395.53,-5.07,(-1.27%),24766,NOC,,,,,,
,,,139,HCA Healthcare Inc,HCA,0.150207,249.3,-1.03,(-0.41%),77370,12622,14461,51561,17347,76171,HCA,
,,,140,EOG Resources Inc.,EOG,0.149277,102.76,0.56,-0.55%,75825,EOG,,,,,,
,,,141,Moody's Corporation,MCO,0.149007,372.9,5.04,-1.37%,48506,34067,69526,79543,MCO,,,
,,,142,Autodesk Inc.,ADSK,0.148931,270.5,-0.13,(-0.05%),85631,ADSK,,,,,,
,,,143,Emerson Electric Co.,EMR,0.144135,98,1.62,-1.68%,22103,EMR,,,,,,
,,,144,Vertex Pharmaceuticals Incorporated,VRTX,0.144079,226.9,0.75,-0.33%,76744,81227,VRTX,,,,,
,,,145,Johnson Controls International plc,JCI,0.141736,80.03,0.47,-0.59%,45356,42534,JCI,,,,,
,,,146,Ecolab Inc.,ECL,0.141109,226.49,-0.13,(-0.06%),42454,70578,ECL,,,,,
,,,147,Public Storage,PSA,0.138337,367.43,4.58,-1.26%,64653,42112,76480,PSA,,,,
,,,148,Exelon Corporation,EXC,0.136052,56.04,0.42,-0.76%,21776,41785,66149,EXC,,,,
,,,149,Dollar General Corporation,DG,0.135078,227.75,-0.9,(-0.39%),10559,30382,93096,DG,,,,
,,,150,Simon Property Group Inc.,SPG,0.133029,161.93,0.1,-0.06%,75188,27676,80100,SPG,,,,
,,,151,TE Connectivity Ltd.,TEL,0.131472,160.7,0.44,-0.27%,57736,92157,14701,TEL,,,,
,,,152,Synopsys Inc.,SNPS,0.129945,340,-0.38,(-0.11%),77357,SNPS,,,,,,
,,,153,American International Group Inc.,AIG,0.128496,61.6,-0.17,(-0.28%),66800,AIG,,,,,,
,,,154,Activision Blizzard Inc.,ATVI,0.12811,64.89,-0.96,(-1.46%),79678,ATVI,,,,,,
,,X,155,Schlumberger NV,SLB,0.127626,36.45,-0.03,(-0.08%),14277,SLB,,,,,,
,,,156,Humana Inc.,HUM,0.125889,395.28,3.62,-0.92%,48653,HUM,,,,,,
,,,157,IQVIA Holdings Inc,IQV,0.124712,260.85,0.56,-0.22%,13911,IQV,,,,,,
,,,158,Xilinx Inc.,XLNX,0.124203,198.32,-2.2,(-1.10%),76201,XLNX,,,,,,
,,,159,IHS Markit Ltd.,INFO,0.123853,126.07,1.87,-1.51%,83382,44071,77104,14704,83884,INFO,,
,,,160,MetLife Inc.,MET,0.12385,67.62,-0.38,(-0.56%),75410,78222,28580,87842,MET,,,
,,,161,Amphenol Corporation Class A,APH,0.123617,82.88,0.27,-0.33%,77118,84769,47351,APH,,,,
,,,162,General Dynamics Corporation,GD,0.122186,211.93,0.35,-0.17%,12052,GD,,,,,,
,,,163,Newmont Corporation,NEM,0.121756,61.48,0.57,-0.94%,21207,NEM,,,,,,
,,,164,Roper Technologies Inc.,ROP,0.121391,464.52,4.24,-0.92%,20343,77338,ROP,,,,,
,,,165,Kimberly-Clark Corporation,KMB,0.120591,143.09,-0.05,(-0.03%),17750,KMB,,,,,,
,,,166,Bank of New York Mellon Corporation,BK,0.120049,63.5,0.43,-0.68%,18841,49656,BK,,,,,
,,,167,IDEXX Laboratories Inc.,IDXX,0.118131,551.6,-3.46,(-0.62%),76709,88832,IDXX,,,,,
,,,168,Microchip Technology Incorporated,MCHP,0.117642,85.68,1.07,-1.26%,78987,MCHP,,,,,,
,,X,169,Cadence Design Systems Inc.,CDNS,0.117154,170.18,0.95,-0.56%,11403,CDNS,,,,,,
,,,170,Centene Corporation,CNC,0.116708,80.32,0.3,-0.37%,28150,89269,86976,CNC,,,,
,,,171,DexCom Inc.,DXCM,0.116439,491,9.83,-2.04%,90664,DXCM,,,,,,
,,,172,Pioneer Natural Resources Company,PXD,0.115788,205,1,-0.49%,75241,PXD,,,,,,
,,,173,Cognizant Technology Solutions Corporation Class A,CTSH,0.115659,88.46,0.49,-0.56%,86158,CTSH,,,,,,
,,,174,O'Reilly Automotive Inc.,ORLY,0.1151,685.01,3.41,-0.50%,79103,ORLY,,,,,,
,,,175,Trane Technologies plc,TT,0.114983,194.89,1.41,-0.73%,12431,59803,81285,61209,TT,,,
,,,176,MSCI Inc. Class A,MSCI,0.114062,559.04,5.72,-1.03%,66253,92402,MSCI,,,,,
,,,177,Carrier Global Corp.,CARR,0.114038,53,0.46,-0.88%,19285,CARR,,,,,,
,,,178,HP Inc.,HPQ,0.113158,39.05,-0.14,(-0.36%),27828,HPQ,,,,,,
,,,179,Marriott International Inc. Class A,MAR,0.113061,165.1,-0.1,(-0.06%),27107,85913,79764,64039,MAR,,,
,,,180,American Electric Power Company Inc.,AEP,0.1124,90.35,0.58,-0.65%,24109,AEP,,,,,,
,,,181,Digital Realty Trust Inc.,DLR,0.112399,158.95,-0.08,(-0.05%),90373,DLR,,,,,,
,,,182,Marathon Petroleum Corporation,MPC,0.112109,73.04,0.35,-0.48%,33902,12872,MPC,,,,,
,,,183,Agilent Technologies Inc.,A,0.111303,150.5,3.86,-2.63%,11334,87432,10495,83438,60409,A,,
,,,184,Chipotle Mexican Grill Inc.,CMG,0.111113,"1,561.75",-19.86,(-1.26%),57656,51692,91518,91068,CMG,,,
,,,185,Dow Inc.,DOW,0.110391,59.2,0.02,-0.03%,18428,20626,DOW,,,,,
,,,186,T. Rowe Price Group,TROW,0.109922,182.01,-11.67,(-6.03%),10138,TROW,,,,,,
,,,187,Fortinet Inc.,FTNT,0.109746,321.1,-2.46,(-0.76%),93132,FTNT,,,,,,
,,,188,Global Payments Inc.,GPN,0.10953,148.73,-0.37,(-0.25%),88873,GPN,,,,,,
,,,189,Prudential Financial Inc.,PRU,0.10928,115.65,0.26,-0.23%,89258,45698,85251,PRU,,,,
,,,190,L3Harris Technologies Inc,LHX,0.109145,220.09,-1.93,(-0.87%),25582,LHX,,,,,,
,,,191,DuPont de Nemours Inc.,DD,0.108622,83.72,0.69,-0.83%,11703,16851,DD,,,,,
,,,192,Motorola Solutions Inc.,MSI,0.108432,256.85,0.8,-0.31%,48020,22779,76829,61997,MSI,,,
,,,193,Aptiv PLC,APTV,0.10807,159.79,0.09,-0.06%,13103,76715,APTV,,,,,
,,,194,Baxter International Inc.,BAX,0.107994,86.44,0.08,-0.09%,27887,BAX,,,,,,
,,,195,Sempra Energy,SRE,0.107956,137.25,1.41,-1.04%,43131,58077,36193,67053,86136,60847,68567,SRE
,,,196,SVB Financial Group,SIVB,0.107624,739.1,5.65,-0.77%,11786,SIVB,,,,,,
,,,197,Hilton Worldwide Holdings Inc,HLT,0.106318,150,-2.5,(-1.64%),23309,14338,HLT,,,,,
,,,198,eBay Inc.,EBAY,0.105964,64.32,-2.11,(-3.18%),86356,82259,EBAY,,,,,
,,,199,AutoZone Inc.,AZO,0.105033,"2,055.01",54.03,-2.70%,76605,AZO,,,,,,
,,,200,Constellation Brands Inc. Class A,STZ,0.104004,248.08,-4.61,(-1.82%),69796,79193,64899,STZ,,,,
,,,201,General Mills Inc.,GIS,0.10392,68.33,-0.2,(-0.29%),17144,GIS,,,,,,
,,,202,Parker-Hannifin Corporation,PH,0.103762,325.11,3.74,-1.16%,41355,PH,,,,,,
,,,203,Paychex Inc.,PAYX,0.103167,130.08,1.31,-1.02%,61621,PAYX,,,,,,
,,,204,Align Technology Inc.,ALGN,0.10283,540.92,-18.72,(-3.35%),88860,ALGN,,,,,,
,,,205,Travelers Companies Inc.,TRV,0.10178,162.97,-0.19,(-0.12%),70519,86460,59459,TRV,,,,
,,,206,Realty Income Corporation,O,0.10108,71.9,0.61,-0.86%,81045,67029,66667,O,,,,
,,,207,Sysco Corporation,SYY,0.100375,78.09,-0.34,(-0.43%),52038,SYY,,,,,,
,,,208,PPG Industries Inc.,PPG,0.100232,170.97,2.16,-1.28%,22509,PPG,,,,,,
,,,209,Archer-Daniels-Midland Company,ADM,0.098618,70.42,-0.06,(-0.09%),10516,ADM,,,,,,
,,,210,McKesson Corporation,MCK,0.098553,254.63,-0.2,(-0.08%),21266,81061,25646,54316,MCK,,,
,,,211,Walgreens Boots Alliance Inc,WBA,0.097572,54.03,-0.3,(-0.55%),19502,WBA,,,,,,
,,,212,Aflac Incorporated,AFL,0.097549,63.34,0.12,-0.19%,57904,AFL,,,,,,
,,,213,Rockwell Automation Inc.,ROK,0.09722,335.1,0.1,-0.03%,84381,46906,18948,ROK,,,,
,,,214,Yum! Brands Inc.,YUM,0.096596,128,-2.66,(-2.04%),85348,YUM,,,,,,
,,,215,Discover Financial Services,DFS,0.096271,127.8,-0.78,(-0.61%),92121,79328,DFS,,,,,
,,,216,Ross Stores Inc.,ROST,0.095528,107.82,0.89,-0.83%,91556,ROST,,,,,,
,,,217,Phillips 66,PSX,0.094379,86.3,0.15,-0.17%,35596,13356,60310,PSX,,,,
,,,218,Welltower Inc.,WELL,0.094171,86.31,-0.02,(-0.02%),79533,89632,WELL,,,,,
,,,219,SBA Communications Corp. Class A,SBAC,0.093619,338.51,-3.18,(-0.93%),86996,SBAC,,,,,,
,,,220,State Street Corporation,STT,0.093617,103.33,0.98,-0.96%,20037,47976,72726,STT,,,,
,,,221,International Flavors & Fragrances Inc.,IFF,0.093232,132.74,-13.43,(-9.19%),40272,IFF,,,,,,
,,,222,Electronic Arts Inc.,EA,0.093087,133.51,2.71,-2.07%,38543,75828,EA,,,,,
,,,223,Ameriprise Financial Inc.,AMP,0.092723,328.2,2.17,-0.67%,90880,27051,AMP,,,,,
,,,224,Xcel Energy Inc.,XEL,0.092401,68.64,0.04,-0.06%,23931,79542,XEL,,,,,
,,,225,First Republic Bank,FRC,0.092203,208.09,2.83,-1.38%,10623,12448,92624,57162,27967,FRC,,
,,,226,Otis Worldwide Corporation,OTIS,0.092058,86.95,0.71,-0.82%,19286,OTIS,,,,,,
,,,227,Mettler-Toledo International Inc.,MTD,0.090971,"1,559.62",-11.81,(-0.75%),59950,85621,MTD,,,,,
,,,228,Biogen Inc.,BIIB,0.089973,225.34,-16.18,(-6.70%),76841,BIIB,,,,,,
,,,229,Match Group Inc.,MTCH,0.089393,125.75,-0.25,(-0.20%),10973,55299,87401,52637,15850,MTCH,,
,,,230,Allstate Corporation,ALL,0.088939,123.79,-0.03,(-0.02%),79323,75803,17224,ALL,,,,
,,,231,Corteva Inc,CTVA,0.088899,48.86,0.45,-0.93%,18592,CTVA,,,,,,
,,,232,Cintas Corporation,CTAS,0.088669,406.61,1.51,-0.37%,23660,CTAS,,,,,,
,,,233,CBRE Group Inc. Class A,CBRE,0.088416,106.48,1.2,-1.14%,90199,CBRE,,,,,,
,,,234,Keysight Technologies Inc,KEYS,0.088335,190,-1.7,(-0.89%),83669,47643,14939,KEYS,,,,
,,,235,Monster Beverage Corporation,MNST,0.088158,94.1,-0.48,(-0.51%),50470,84342,88031,MNST,,,,
,,,236,Williams Companies Inc.,WMB,0.087745,29.2,0.33,-1.14%,38156,WMB,,,,,,
,,,237,AvalonBay Communities Inc.,AVB,0.087037,250.72,1.51,-0.61%,80381,AVB,,,,,,
,,,238,ResMed Inc.,RMD,0.086767,244.06,5.69,-2.39%,81736,RMD,,,,,,
,,,239,Fastenal Company,FAST,0.086679,60.71,0.42,-0.70%,53517,11618,FAST,,,,,
,,,240,Kinder Morgan Inc Class P,KMI,0.085867,17.65,0.04,-0.23%,12558,51596,KMI,,,,,
,,,241,Valero Energy Corporation,VLO,0.085749,84.5,0.65,-0.78%,61671,85269,VLO,,,,,
,,,242,TransDigm Group Incorporated,TDG,0.085617,658.59,5.16,-0.79%,91152,TDG,,,,,,
,,,243,Fifth Third Bancorp,FITB,0.084704,49.25,0.2,-0.41%,34746,FITB,,,,,,
,,,244,Arthur J. Gallagher & Co.,AJG,0.084612,165.73,1.98,-1.21%,38093,AJG,,,,,,
,,,245,Verisk Analytics Inc,VRSK,0.08421,207.89,-0.79,(-0.38%),93089,VRSK,,,,,,
,,,246,Cummins Inc.,CMI,0.083452,231.66,-0.73,(-0.31%),66464,82682,41080,40133,42091,48282,CMI,
,,,247,Public Service Enterprise Group Inc,PEG,0.083283,66.04,0.19,-0.29%,23712,PEG,,,,,,
,,,248,AMETEK Inc.,AME,0.082462,167.71,25.13,-17.63%,10460,85257,AME,,,,,
,,,249,Twitter Inc.,TWTR,0.081161,40.28,-0.39,(-0.95%),86298,14295,TWTR,,,,,
,,X,250,Kroger Co.,KR,0.081137,47.16,-0.56,(-1.16%),16678,KR,,,,,,
,,,251,D.R. Horton Inc.,DHI,0.0805,99.9,1.17,-1.19%,16336,77661,DHI,,,,,
,,,252,ANSYS Inc.,ANSS,0.080451,373.8,4.46,-1.21%,83621,ANSS,,,,,,
,,,253,PACCAR Inc,PCAR,0.08023,92.6,0.22,-0.24%,60506,PCAR,,,,,,
,,,254,Equifax Inc.,EFX,0.080204,261.81,-1.38,(-0.52%),52476,EFX,,,,,,
,,,255,EPAM Systems Inc.,EPAM,0.07949,568.17,8.77,-1.57%,13210,EPAM,,,,,,
,,,256,Nucor Corporation,NUE,0.079369,114.95,4.11,-3.71%,34817,NUE,,,,,,
,,,257,Devon Energy Corporation,DVN,0.07843,49.92,0.12,-0.24%,87137,75390,DVN,,,,,
,,,258,Dollar Tree Inc.,DLTR,0.07726,137.33,0.22,-0.16%,81481,DLTR,,,,,,
,,,259,Equity Residential,EQR,0.077191,90.98,0.43,-0.47%,79547,EQR,,,,,,
,,,260,Occidental Petroleum Corporation,OXY,0.077003,34.71,0.01,-0.03%,34833,OXY,,,,,,
,,,261,Stanley Black & Decker Inc.,SWK,0.076876,193,3.47,-1.83%,43350,SWK,,,,,,
,,,262,American Water Works Company Inc.,AWK,0.076432,170.02,1.71,-1.02%,92614,23544,AWK,,,,,
,,,263,Weyerhaeuser Company,WY,0.076384,41.05,0.32,-0.79%,39917,WY,,,,,,
,,,264,Old Dominion Freight Line Inc.,ODFL,0.076345,324,-1.47,(-0.45%),77037,ODFL,,,,,,
,,,265,WEC Energy Group Inc,WEC,0.075217,95.7,0.38,-0.40%,23536,26219,45903,WEC,,,,
,,,266,Arista Networks Inc.,ANET,0.074862,133.25,0.07,-0.05%,81599,83946,14714,ANET,,,,
,,,267,Eversource Energy,ES,0.074473,87.49,0.86,-0.99%,44206,92389,18251,ES,,,,
,,,268,Lennar Corporation Class A,LEN,0.074009,107.94,0.21,-0.19%,89731,52708,42411,LEN,,,,
,,,269,West Pharmaceutical Services Inc.,WST,0.073929,401.27,1.78,-0.45%,62498,51641,WST,,,,,
,,,270,Copart Inc.,CPRT,0.073808,142,3.98,-2.88%,80320,21769,86800,CPRT,,,,
,,,271,Alexandria Real Estate Equities Inc.,ARE,0.073723,209.97,1.35,-0.65%,84767,52046,ARE,,,,,
,,,272,Consolidated Edison Inc.,ED,0.073635,83.19,0.12,-0.14%,11404,ED,,,,,,
,,,273,Ball Corporation,BLL,0.073406,90.83,0.98,-1.09%,21610,57568,BLL,,,,,
,,,274,Corning Inc,GLW,0.073141,38.17,0.13,-0.34%,22293,GLW,,,,,,
,,,275,Willis Towers Watson Public Limited Company,WTW,0.073034,233.77,-0.19,(-0.08%),89244,85630,WTW,,,,,
,,,276,Zebra Technologies Corporation Class A,ZBRA,0.071904,538.5,-0.07,(-0.01%),76795,ZBRA,,,,,,
,,,277,Laboratory Corporation of America Holdings,LH,0.070587,284.21,-7.73,(-2.65%),54607,12062,LH,,,,,
,,,278,Hershey Company,HSY,0.070585,195.84,1.81,-0.93%,16600,HSY,,,,,,
,,,279,Extra Space Storage Inc.,EXR,0.070334,211.71,1.65,-0.79%,90305,55028,EXR,,,,,
,,,280,Albemarle Corporation,ALB,0.070274,242.06,1.89,-0.78%,80191,53321,ALB,,,,,
,,,281,ONEOK Inc.,OKE,0.069659,62.5,0.02,-0.03%,25232,OKE,,,,,,
,,,282,Republic Services Inc.,RSG,0.069424,131.82,-0.28,(-0.21%),86228,RSG,,,,,,
,,,283,CDW Corp.,CDW,0.068903,197.4,-3.02,(-1.51%),30285,13949,CDW,,,,,
,,,284,Northern Trust Corporation,NTRS,0.068597,132.04,0.43,-0.32%,58246,NTRS,,,,,,
,,,285,Cerner Corporation,CERN,0.068187,92.2,-0.06,(-0.07%),22411,10909,CERN,,,,,
,,,286,Southwest Airlines Co.,LUV,0.067828,45.22,-0.61,(-1.33%),58683,LUV,,,,,,
,,,287,Tyson Foods Inc. Class A,TSN,0.067101,90.57,-0.42,(-0.46%),77730,TSN,,,,,,
,,,288,Zimmer Biomet Holdings Inc.,ZBH,0.067056,125.58,-2.8,(-2.18%),89070,ZBH,,,,,,
,,,289,Synchrony Financial,SYF,0.066855,49.03,0.27,-0.55%,14776,SYF,,,,,,
,,,290,Expedia Group Inc.,EXPE,0.066763,181.25,-1.22,(-0.67%),90808,87388,EXPE,,,,,
,,,291,Kraft Heinz Company,KHC,0.066706,37.46,-0.13,(-0.35%),15408,KHC,,,,,,
,,,292,Vulcan Materials Company,VMC,0.066531,202.88,2.44,-1.22%,15202,VMC,,,,,,
,,,293,Delta Air Lines Inc.,DAL,0.065995,40.63,-0.6,(-1.46%),26112,91926,DAL,,,,,
,,,294,Fortive Corp.,FTV,0.065821,73.75,0.33,-0.45%,16087,FTV,,,,,,
,,,295,Teradyne Inc.,TER,0.065572,162.9,2.36,-1.47%,51369,TER,,,,,,
,,,296,Martin Marietta Materials Inc.,MLM,0.065471,422.57,3.24,-0.77%,80204,MLM,,,,,,
,,,297,Dover Corporation,DOV,0.065082,181.29,0.56,-0.31%,25953,DOV,,,,,,
,,,298,Tractor Supply Company,TSCO,0.064575,232.46,6.66,-2.95%,58472,80286,TSCO,,,,,
,,,299,Skyworks Solutions Inc.,SWKS,0.064482,156.89,0.8,-0.51%,45911,SWKS,,,,,,
,,,300,LyondellBasell Industries NV,LYB,0.064454,99.89,0.56,-0.56%,12346,12345,LYB,,,,,
,,,301,KeyCorp,KEY,0.063195,26.4,-0.03,(-0.11%),64995,45321,KEY,,,,,
,,,302,Hartford Financial Services Group Inc.,HIG,0.062836,72.32,-0.08,(-0.11%),32723,82775,HIG,,,,,
,,,303,Huntington Bancshares Incorporated,HBAN,0.062795,17.09,0.08,-0.47%,42906,HBAN,,,,,,
,,,304,Church & Dwight Co. Inc.,CHD,0.062516,102.6,0.78,-0.77%,40715,23393,CHD,,,,,
,,,305,Gartner Inc.,IT,0.062234,301.69,4.01,-1.35%,87030,12570,33064,79698,67985,IT,,
,,,306,Hess Corporation,HES,0.062008,91.8,1.76,-1.95%,28484,57170,HES,,,,,
,,,307,Mid-America Apartment Communities Inc.,MAA,0.061566,216.73,3.15,-1.47%,80183,MAA,,,,,,
,,,308,Edison International,EIX,0.061125,64.43,0.07,-0.11%,15720,EIX,,,,,,
,,,309,Ingersoll Rand Inc.,IR,0.060793,59.98,0.01,-0.02%,16692,12431,IR,,,,,
,,,310,Halliburton Company,HAL,0.060671,27.44,0.2,-0.73%,23819,HAL,,,,,,
,,,311,United Rentals Inc.,URI,0.060454,331.95,-2.04,(-0.61%),58130,85663,URI,,,,,
,,,312,McCormick & Company Incorporated,MKC,0.059342,96.3,1.09,-1.14%,47837,52090,89155,MKC,,,,
,,,313,Baker Hughes Company Class A,BKR,0.059061,26.77,-0.19,(-0.70%),29989,52484,75034,BKR,,,,
,,,314,Regions Financial Corporation,RF,0.058881,24.78,0.12,-0.49%,75502,35044,44281,RF,,,,
,,,315,Best Buy Co. Inc.,BBY,0.058499,102.28,-1.81,(-1.74%),85914,BBY,,,,,,
,,,316,V.F. Corporation,VFC,0.058163,71.81,-0.04,(-0.06%),43553,VFC,,,,,,
,,,317,Citizens Financial Group Inc.,CFG,0.058116,55.21,0.67,-1.23%,75050,14889,10989,CFG,,,,
,,,318,Etsy Inc.,ETSY,0.058085,178.3,-4.51,(-2.47%),15291,ETSY,,,,,,
,,,319,STERIS Plc,STE,0.057713,241.68,6.93,-2.95%,81781,81782,77649,36855,STE,,,
,,,320,PPL Corporation,PPL,0.057628,29.96,0.01,-0.03%,22517,35051,PPL,,,,,
,,,321,DTE Energy Company,DTE,0.057575,119.21,0.43,-0.36%,11674,DTE,,,,,,
,,,322,VeriSign Inc.,VRSN,0.057493,238.25,2.01,-0.85%,85753,VRSN,,,,,,
,,,323,M&T Bank Corporation,MTB,0.057382,179.53,1.33,-0.75%,35554,42307,51610,MTB,,,,
,,,324,Duke Realty Corporation,DRE,0.056781,60.2,-0.07,(-0.12%),68902,62535,75341,25339,DRE,,,
,,,325,PerkinElmer Inc.,PKI,0.056455,182.81,4.35,-2.44%,42200,PKI,,,,,,
,,,326,FirstEnergy Corp.,FE,0.056284,41.32,-0.04,(-0.10%),66915,23026,FE,,,,,
,,,327,Essex Property Trust Inc.,ESS,0.056276,349.11,3.06,-0.88%,80681,ESS,,,,,,
,,,328,Seagate Technology Holdings PLC,STX,0.056187,113.1,1.38,-1.24%,75422,14605,89641,STX,,,,
,,,329,Ameren Corporation,AEE,0.056053,87.71,0.74,-0.85%,24985,39116,AEE,,,,,
,,,330,Nasdaq Inc.,NDAQ,0.055995,193.01,0.45,-0.23%,90601,NDAQ,,,,,,
,,,331,Hewlett Packard Enterprise Co.,HPE,0.055684,17.15,0.11,-0.65%,15707,HPE,,,,,,
,,,332,W.W. Grainger Inc.,GWW,0.055351,509.44,3.46,-0.68%,52695,GWW,,,,,,
,,,333,Clorox Company,CLX,0.055161,182.01,2.44,-1.36%,46578,CLX,,,,,,
,,,334,Signature Bank,SBNY,0.055051,366,5.29,-1.47%,90090,SBNY,,,,,,
,,,335,Entergy Corporation,ETR,0.054645,109.14,0.4,-0.37%,24010,62850,ETR,,,,,
,,,336,NetApp Inc.,NTAP,0.053296,94.7,-0.32,(-0.34%),82598,NTAP,,,,,,
,,,337,Expeditors International of Washington Inc.,EXPD,0.053086,125.24,0.3,-0.24%,87717,EXPD,,,,,,
,,,338,ViacomCBS Inc. Class B,VIAC,0.052984,35,0.04,-0.11%,90546,76226,VIAC,,,,,
,,,339,Diamondback Energy Inc.,FANG,0.052944,124.65,0.29,-0.23%,13641,FANG,,,,,,
,,,340,Waters Corporation,WAT,0.052865,343.82,-0.6,(-0.17%),37890,82651,WAT,,,,,
,,,341,Ulta Beauty Inc,ULTA,0.052649,383,-1.44,(-0.37%),92322,ULTA,,,,,,
,,,342,Xylem Inc.,XYL,0.05237,116.18,-0.01,(-0.01%),13035,XYL,,,,,,
,,,343,Ventas Inc.,VTR,0.052157,51.83,-0.31,(-0.59%),75819,37794,VTR,,,,,
,,,344,Cooper Companies Inc.,COO,0.052014,420.7,-1.59,(-0.38%),65541,52388,COO,,,,,
,,,345,Tyler Technologies Inc.,TYL,0.051655,504,-1,(-0.20%),76185,44759,75816,TYL,,,,
,,,346,Generac Holdings Inc.,GNRC,0.051028,318.25,-5.04,(-1.56%),93246,GNRC,,,,,,
,,,347,AmerisourceBergen Corporation,ABC,0.050711,135.71,-0.74,(-0.54%),81540,10233,25101,67969,ABC,,,
,,,348,Western Digital Corporation,WDC,0.050612,66.07,0.05,-0.08%,66384,33187,52142,WDC,,,,
,,,349,Raymond James Financial Inc.,RJF,0.050489,109.57,0.72,-0.66%,69649,RJF,,,,,,
,,,350,Pool Corporation,POOL,0.050414,512.81,10.75,-2.14%,11640,82515,POOL,,,,,
,,,351,FLEETCOR Technologies Inc.,FLT,0.050285,243.66,0.08,-0.03%,12449,25048,47159,89986,FLT,,,
,,,352,Catalent Inc,CTLT,0.050218,115.38,-2.45,(-2.08%),14763,CTLT,,,,,,
,,,353,Teledyne Technologies Incorporated,TDY,0.050096,428,-0.71,(-0.17%),51369,87445,43123,TDY,,,,
,,,354,Trimble Inc.,TRMB,0.050021,79.15,-0.34,(-0.43%),76230,TRMB,,,,,,
,,,355,Enphase Energy Inc.,ENPH,0.050009,149.71,1.2,-0.81%,13323,ENPH,,,,,,
,,,356,Garmin Ltd.,GRMN,0.04964,132,0.22,-0.17%,88837,79495,GRMN,,,,,
,,,357,Genuine Parts Company,GPC,0.049225,138.89,1.48,-1.08%,32109,46674,GPC,,,,,
,,,358,Broadridge Financial Solutions Inc.,BR,0.048793,170.44,2.5,-1.49%,91849,46308,75333,BR,,,,
,,,359,CarMax Inc.,KMX,0.048546,119.8,0.65,-0.55%,89508,84577,KMX,,,,,
,,,360,Healthpeak Properties Inc.,PEAK,0.048421,36,0.08,-0.22%,67598,85029,77833,PEAK,,,,
,,,361,Monolithic Power Systems Inc.,MPWR,0.048396,448.91,-3.6,(-0.80%),86077,90455,MPWR,,,,,
,,,362,Quest Diagnostics Incorporated,DGX,0.048246,148.65,-9.23,(-5.85%),84373,DGX,,,,,,
,,,363,Principal Financial Group Inc.,PFG,0.04795,76.52,-0.3,(-0.39%),89195,78041,21389,PFG,,,,
,,,364,Celanese Corporation,CE,0.047551,172.74,1.58,-0.92%,50040,90520,26332,86450,11170,63124,39909,CE
,,,365,International Paper Company,IP,0.047426,48.19,-0.33,(-0.68%),21573,IP,,,,,,
,,,366,Darden Restaurants Inc.,DRI,0.047291,142.34,-2.76,(-1.90%),42526,81655,51924,DRI,,,,
,,,367,Caesars Entertainment Inc,CZR,0.047275,87.88,-2.1,(-2.33%),86447,14882,13267,CZR,,,,
,,,368,NVR Inc.,NVR,0.047029,"5,566.99",-0.5,(-0.01%),79785,69569,NVR,,,,,
,,,369,Amcor PLC,AMCR,0.046696,12.11,-0.01,(-0.04%),78844,18724,12299,75967,AMCR,,,
,,,370,CMS Energy Corporation,CMS,0.046416,64.12,0.25,-0.39%,23229,CMS,,,,,,
,,,371,Viatris Inc.,VTRS,0.04633,15.18,-0.14,(-0.91%),20057,VTRS,,,,,,
,,X,372,Akamai Technologies Inc.,AKAM,0.046208,115.72,2.3,-2.02%,87299,AKAM,,,,,,
,,,373,Hologic Inc.,HOLX,0.046017,72.14,-0.19,(-0.26%),76095,HOLX,,,,,,
,,,374,Royal Caribbean Group,RCL,0.045137,82.25,0.52,-0.64%,79145,RCL,,,,,,
,,,375,MGM Resorts International,MGM,0.0451,44.7,-0.25,(-0.56%),69729,13143,11891,85620,61794,MGM,,
,,,376,Charles River Laboratories International Inc.,CRL,0.045011,359.86,1.91,-0.53%,88281,30373,81143,87090,52003,79441,CRL,
,,X,377,Domino's Pizza Inc.,DPZ,0.044824,486.89,0.47,-0.10%,90248,DPZ,,,,,,
,,,378,Cincinnati Financial Corporation,CINF,0.044797,118.88,-0.6,(-0.50%),23473,CINF,,,,,,
,,,379,Paycom Software Inc.,PAYC,0.044127,358.07,-9.13,(-2.49%),14579,61640,PAYC,,,,,
,,,380,Carnival Corporation,CCL,0.04391,22.3,0.32,-1.46%,75154,CCL,,,,,,
,,,381,Avery Dennison Corporation,AVY,0.043905,212.84,1.15,-0.54%,44601,AVY,,,,,,
,,,382,Boston Properties Inc.,BXP,0.043879,123.52,0.05,-0.04%,85058,BXP,,,,,,
,,,383,Jacobs Engineering Group Inc.,J,0.043713,132.31,-1.84,(-1.37%),46181,52329,11850,J,,,,
,,,384,Westinghouse Air Brake Technologies Corporation,WAB,0.043686,91.87,-0.53,(-0.57%),37890,82107,81677,37903,42382,43908,WAB,
,,,385,CenterPoint Energy Inc.,CNP,0.043188,27.42,0.02,-0.07%,31042,21792,61532,CNP,,,,
,,,386,Coterra Energy Inc.,CTRA,0.04318,22.54,1.29,-6.07%,87595,81245,26981,18224,CTRA,,,
,,,387,Take-Two Interactive Software Inc.,TTWO,0.04308,155.62,7.2,-4.85%,84761,TTWO,,,,,,
,,,388,IDEX Corporation,IEX,0.043001,265.91,39.75,-17.58%,75591,22584,IEX,,,,,
,,,389,Textron Inc.,TXT,0.042887,76.88,0.38,-0.50%,23579,TXT,,,,,,
,,,390,UDR Inc.,UDR,0.042422,58.91,0.67,-1.15%,59300,UDR,,,,,,
,,X,391,Kellogg Company,K,0.042313,66.38,-0.2,(-0.30%),26825,K,,,,,,
,,,392,Qorvo Inc.,QRVO,0.042309,152.84,1.12,-0.74%,85035,QRVO,,,,,,
,,,393,FactSet Research Systems Inc.,FDS,0.042101,447.77,3.26,-0.73%,18550,83597,FDS,,,,,
,,,394,Bio-Techne Corporation,TECH,0.042078,428.37,-3.94,(-0.91%),74924,75694,TECH,,,,,
,,,395,J.B. Hunt Transport Services Inc.,JBHT,0.041865,202.8,3.75,-1.88%,42877,JBHT,,,,,,
,,,396,Masco Corporation,MAS,0.041858,68.32,0.84,-1.24%,34032,MAS,,,,,,
,,,397,Omnicom Group Inc,OMC,0.041573,77,-0.52,(-0.67%),30681,51799,OMC,,,,,
,,,398,Eastman Chemical Company,EMN,0.041219,122.89,1.49,-1.23%,80080,EMN,,,,,,
,,,399,Conagra Brands Inc.,CAG,0.040823,33.54,-0.44,(-1.29%),40678,56274,CAG,,,,,
,,,400,Brown & Brown Inc.,BRO,0.039966,69.43,1.08,-1.58%,63467,33312,BRO,,,,,
,,,401,LKQ Corporation,LKQ,0.039103,58,0.38,-0.66%,89866,LKQ,,,,,,
,,,402,NortonLifeLock Inc.,NLOK,0.039095,26.25,-0.64,(-2.38%),75607,NLOK,,,,,,
,,,403,Bath & Body Works Inc.,BBWI,0.038959,59,0.17,-0.29%,,BBWI,,,,,,
,,,404,AES Corporation,AES,0.038905,23.43,0.09,-0.39%,76712,AES,,,,,,
,,,405,Teleflex Incorporated,TFX,0.038637,334.66,4.46,-1.35%,44329,TFX,,,,,,
,,,406,J.M. Smucker Company,SJM,0.038527,140.83,-1.28,(-0.90%),42585,77058,SJM,,,,,
,,,407,Quanta Services Inc.,PWR,0.038387,110.14,0.16,-0.15%,85792,62631,35545,PWR,,,,
,,,408,Live Nation Entertainment Inc.,LYV,0.038242,114,-2,(-1.72%),91041,LYV,,,,,,
,,,409,Cardinal Health Inc.,CAH,0.038229,51.68,-1.03,(-1.95%),51107,11033,21371,CAH,,,,
,,,410,Kimco Realty Corporation,KIM,0.037987,25.12,0.08,-0.32%,77129,KIM,,,,,,
,,,411,Evergy Inc.,EVRG,0.037986,66.67,0.31,-0.47%,24053,77871,EVRG,,,,,
,,,412,Advance Auto Parts Inc.,AAP,0.037928,237.53,5.52,-2.38%,28863,80105,89217,AAP,,,,
,,,413,United Airlines Holdings Inc.,UAL,0.037689,46.55,-0.35,(-0.75%),91103,19596,UAL,,,,,
,,,414,Mosaic Company,MOS,0.037461,42.05,1.69,-4.19%,46287,64645,90386,40037,MOS,,,
,,,415,Alliant Energy Corp,LNT,0.037425,60.03,0.23,-0.38%,50286,58819,LNT,,,,,
,,,416,CF Industries Holdings Inc.,CF,0.037283,67.9,-1.26,(-1.82%),79354,56354,86239,11248,10725,90829,CF,
,,,417,Marathon Oil Corporation,MRO,0.036782,18.69,0.03,-0.16%,13047,15069,MRO,,,,,
,,,418,Interpublic Group of Companies Inc.,IPG,0.03678,37.75,0.4,-1.07%,53065,IPG,,,,,,
,,,419,F5 Inc.,FFIV,0.036463,239.5,-3.16,(-1.30%),86964,FFIV,,,,,,
,,,420,Bio-Rad Laboratories Inc. Class A,BIO,0.036336,669.7,-5.28,(-0.78%),61516,61508,52839,BIO,,,,
,,,421,ABIOMED Inc.,ABMD,0.036239,315.43,-3.67,(-1.15%),12571,75107,ABMD,,,,,
,,,422,MarketAxess Holdings Inc.,MKTX,0.036138,369.97,-10.57,(-2.78%),90454,MKTX,,,,,,
,,,423,Whirlpool Corporation,WHR,0.035632,225.26,-2.04,(-0.90%),25419,WHR,,,,,,
,,,424,PulteGroup Inc.,PHM,0.035622,55.52,0.62,-1.13%,54148,PHM,,,,,,
,,,425,C.H. Robinson Worldwide Inc.,CHRW,0.035559,107.35,-0.63,(-0.58%),85459,CHRW,,,,,,
,,,426,Fortune Brands Home & Security Inc.,FBHS,0.035482,104.8,1.9,-1.85%,12981,FBHS,,,,,,
,,,427,FMC Corporation,FMC,0.035224,111.24,1.85,-1.69%,19166,FMC,,,,,,
,,,428,Hormel Foods Corporation,HRL,0.035168,49.03,-0.66,(-1.33%),32870,HRL,,,,,,
,,,429,Incyte Corporation,INCY,0.035038,73.62,-0.82,(-1.10%),79906,INCY,,,,,,
,,,430,SolarEdge Technologies Inc.,SEDG,0.034508,261,-0.09,(-0.03%),15272,SEDG,,,,,,
,,,431,Atmos Energy Corporation,ATO,0.034238,104.2,-0.44,(-0.42%),45102,32986,67133,ATO,,,,
,,,432,Iron Mountain Inc.,IRM,0.0337,46.76,0.38,-0.82%,83143,IRM,,,,,,
,,,433,Cboe Global Markets Inc,CBOE,0.0336,124.58,-1.36,(-1.08%),93429,CBOE,,,,,,
,,,434,Howmet Aerospace Inc.,HWM,0.032754,33.91,-0.01,(-0.03%),85610,24643,HWM,,,,,
,,,435,Comerica Incorporated,CMA,0.032603,98.36,1.01,-1.04%,25081,70527,51385,CMA,,,,
,,X,436,Hasbro Inc.,HAS,0.032593,102.71,1.46,-1.44%,52978,HAS,,,,,,
,,,437,Packaging Corporation of America,PKG,0.032292,134,-1.91,(-1.41%),87541,28011,PKG,,,,,
,,,438,Las Vegas Sands Corp.,LVS,0.032219,38.9,0.05,-0.13%,50294,39415,90505,LVS,,,,
,,,439,Host Hotels & Resorts Inc.,HST,0.032146,17.83,-0.26,(-1.41%),32838,41444,46703,HST,,,,
,,,440,Lincoln National Corporation,LNC,0.032086,72.73,0.07,-0.10%,49015,LNC,,,,,,
,,,441,Leidos Holdings Inc.,LDOS,0.031936,89.5,-1.31,(-1.44%),91547,LDOS,,,,,,
,,,442,PTC Inc.,PTC,0.031588,120.02,0.75,-0.63%,61146,20917,75912,PTC,,,,
,,,443,Jack Henry & Associates Inc.,JKHY,0.031547,171.91,2.17,-1.28%,88664,JKHY,,,,,,
,,,444,Fox Corporation Class A,FOXA,0.031505,39.38,0.43,-1.10%,18420,90441,FOXA,,,,,
,,,445,Loews Corporation,L,0.031218,61.18,0.05,-0.08%,58835,14429,89130,26710,81301,L,,
,,,446,Ceridian HCM Holding Inc.,CDAY,0.031213,89.97,-2.53,(-2.74%),17700,CDAY,,,,,,
,,,447,Robert Half International Inc.,RHI,0.030849,111.07,0.92,-0.84%,68478,52230,RHI,,,,,
,,,448,Lumen Technologies Inc.,LUMN,0.030793,13.3,-0.04,(-0.30%),60599,LUMN,,,,,,
,,,449,DENTSPLY SIRONA Inc.,XRAY,0.030792,54.79,-1.54,(-2.73%),11600,24695,XRAY,,,,,
,,,450,American Airlines Group Inc.,AAL,0.030769,18.51,-0.51,(-2.68%),51940,21020,63845,AAL,,,,
,,,451,Brown-Forman Corporation Class B,BF.B,0.030615,67.03,0.02,-0.03%,,BF.B,,,,,,
,,,452,WestRock Company,WRK,0.030525,46.15,0.21,-0.46%,21186,WRK,,,,,,
,,,453,APA Corp.,APA,0.030433,32.67,0.67,-2.09%,39490,APA,,,,,,
,,,454,Citrix Systems Inc.,CTXS,0.03043,96.82,-1.31,(-1.33%),82686,CTXS,,,,,,
,,,455,W. R. Berkley Corporation,WRB,0.029825,85.51,0.45,-0.53%,17743,WRB,,,,,,
,,,456,BorgWarner Inc.,BWA,0.029252,47.84,-0.74,(-1.52%),79545,BWA,,,,,,
,,,457,Snap-on Incorporated,SNA,0.029236,218.86,2.41,-1.11%,60206,43131,SNA,,,,,
,,,458,Regency Centers Corporation,REG,0.029226,76.44,0.05,-0.07%,79782,REG,,,,,,
,,,459,Pentair plc,PNR,0.029019,69.6,-0.38,(-0.54%),62965,13586,62034,PNR,,,,
,,X,460,Juniper Networks Inc.,JNPR,0.028761,34.88,-0.48,(-1.36%),86979,JNPR,,,,,,
,,,461,Allegion PLC,ALLE,0.02864,127.58,-0.03,(-0.02%),14297,82469,ALLE,,,,,
,,,462,Everest Re Group Ltd.,RE,0.028456,283.02,-2.62,(-0.92%),41486,82303,RE,,,,,
,,,463,Zions Bancorporation N.A.,ZION,0.028448,70.21,-0.01,(-0.01%),84129,ZION,,,,,,
,,,464,Henry Schein Inc.,HSIC,0.028144,77.79,-2.75,(-3.41%),82581,HSIC,,,,,,
,,,465,A. O. Smith Corporation,AOS,0.027884,83.98,0.28,-0.33%,75016,65402,AOS,,,,,
,,,466,NiSource Inc,NI,0.0271,27.95,0.14,-0.50%,38762,NI,,,,,,
,,,467,Tapestry Inc.,TPR,0.026745,38.55,0.34,-0.89%,82242,88661,TPR,,,,,
,,,468,NRG Energy Inc.,NRG,0.025195,41.33,0.45,-1.10%,11170,88232,90071,79772,21514,84110,NRG,
,,,469,Lamb Weston Holdings Inc.,LW,0.025167,68.83,-0.5,(-0.72%),16431,LW,,,,,,
,,,470,Universal Health Services Inc. Class B,UHS,0.02482,129.11,-1.71,(-1.31%),79637,UHS,,,,,,
,,,471,Franklin Resources Inc.,BEN,0.024746,35.12,-0.84,(-2.34%),29655,37584,BEN,,,,,
,,,472,Sealed Air Corporation,SEE,0.024745,66.47,0.46,-0.70%,61049,85926,36329,SEE,,,,
,,,473,Mohawk Industries Inc.,MHK,0.024668,176.74,0.3,-0.17%,77496,MHK,,,,,,
,,,474,Globe Life Inc.,GL,0.023903,104.25,2.15,-2.11%,51836,84777,62308,75882,GL,,,
,,,475,Federal Realty Investment Trust,FRT,0.023503,134.48,0.38,-0.28%,58413,FRT,,,,,,
,,,476,Molson Coors Beverage Company Class B,TAP,0.023358,48.58,-0.67,(-1.36%),89495,83341,48987,89346,59248,90562,TAP,
,,,477,Assurant Inc.,AIZ,0.023169,157.08,-0.39,(-0.25%),12320,90038,AIZ,,,,,
,,X,478,Campbell Soup Company,CPB,0.023035,45.21,0.14,-0.31%,25320,CPB,,,,,,
,,,479,Wynn Resorts Limited,WYNN,0.022612,85.8,0.5,-0.59%,89533,WYNN,,,,,,
,,,480,News Corporation Class A,NWSA,0.02212,22.61,0.16,-0.71%,90441,13963,NWSA,,,,,
,,,481,DISH Network Corporation Class A,DISH,0.022059,36.57,1.19,-3.36%,81696,DISH,,,,,,
,,,482,People's United Financial Inc.,PBCT,0.022034,20.7,0.15,-0.73%,12073,57510,PBCT,,,,,
,,,483,Newell Brands Inc,NWL,0.021965,23.48,0.41,-1.78%,37938,60986,NWL,,,,,
,,,484,Invesco Ltd.,IVZ,0.021198,24.71,-0.11,(-0.44%),81910,19583,IVZ,,,,,
,,,485,Organon & Co.,OGN,0.020867,32.3,-0.45,(-1.37%),,OGN,,,,,,
,,,486,DXC Technology Co.,DXC,0.020839,33.48,0.41,-1.24%,40125,15915,61305,DXC,,,,
,,,487,Discovery Inc. Class C,DISCK,0.020425,27.95,0.09,-0.32%,92778,DISCK,,,,,,
,,X,488,Norwegian Cruise Line Holdings Ltd.,NCLH,0.020171,22.15,0.15,-0.68%,13760,NCLH,,,,,,
,,,489,Penn National Gaming Inc.,PENN,0.019986,47.18,-0.83,(-1.73%),80563,PENN,,,,,,
,,,490,Huntington Ingalls Industries Inc.,HII,0.019981,197.16,-1.73,(-0.87%),88605,77219,68486,12623,46412,HII,,
,,,491,Pinnacle West Capital Corporation,PNW,0.019945,70.04,-0.25,(-0.36%),27991,PNW,,,,,,
,,,492,DaVita Inc.,DVA,0.019253,113.9,-0.54,(-0.47%),82307,DVA,,,,,,
,,X,493,Nielsen Holdings Plc,NLSN,0.018831,20.58,-0.31,(-1.48%),12542,NLSN,,,,,,
,,,494,Rollins Inc.,ROL,0.018758,33.87,0.27,-0.80%,36003,ROL,,,,,,
,,,495,PVH Corp.,PVH,0.018613,103,-0.9,(-0.87%),13936,PVH,,,,,,
,,,496,Vornado Realty Trust,VNO,0.018007,45.1,-0.43,(-0.94%),28388,VNO,,,,,,
,,,497,Alaska Air Group Inc.,ALK,0.017523,55.02,-0.97,(-1.73%),28804,ALK,,,,,,
,,,498,IPG Photonics Corporation,IPGP,0.015172,165.74,-1.96,(-1.17%),91668,IPGP,,,,,,
,,,499,Ralph Lauren Corporation Class A,RL,0.014255,115.05,-2.23,(-1.90%),81778,85072,20829,RL,,,,
,,,500,Fox Corporation Class B,FOX,0.0133,36.33,0.47,-1.31%,17278,86401,18421,27860,90442,76806,FOX,
,,,501,Discovery Inc. Class A,DISCA,0.011728,28.9,0.22,-0.77%,90805,DISCA,,,,,,
,,,502,Gap Inc.,GPS,0.009287,17.75,-0.13,(-0.73%),59010,17910,GPS,,,,,
,,,503,Under Armour Inc. Class A,UAA,0.009269,19.47,0,0.00%,90979,UAA,,,,,,
,,,504,Under Armour Inc. Class C,UA,0.008265,16.7,0.04,-0.24%,15980,82782,17830,90979,UA,,,
,,,505,News Corporation Class B,NWS,0.007015,22.86,0.15,-0.66%,90441,69593,13964,90442,NWS,,,